Id,MaxFam,VecesComido
2,00:00:02.8491942,12
1,00:00:03.1538351,12
5,00:00:03.6073812,14
4,00:00:03.0114445,14
3,00:00:03.2506159,13
